Template:Box	/opt/emberwold/content/templates/Template_Box.wiki
Template:Box/styles.css	/opt/emberwold/content/templates/Template_Box_styles.css
Template:Featured article/April	/opt/emberwold/content/templates/Template_Featured_article_April.wiki
Template:Featured article/August	/opt/emberwold/content/templates/Template_Featured_article_August.wiki
Template:Featured article/December	/opt/emberwold/content/templates/Template_Featured_article_December.wiki
Template:Featured article/February	/opt/emberwold/content/templates/Template_Featured_article_February.wiki
Template:Featured article/January	/opt/emberwold/content/templates/Template_Featured_article_January.wiki
Template:Featured article/July	/opt/emberwold/content/templates/Template_Featured_article_July.wiki
Template:Featured article/June	/opt/emberwold/content/templates/Template_Featured_article_June.wiki
Template:Featured article/March	/opt/emberwold/content/templates/Template_Featured_article_March.wiki
Template:Featured article/May	/opt/emberwold/content/templates/Template_Featured_article_May.wiki
Template:Featured article/November	/opt/emberwold/content/templates/Template_Featured_article_November.wiki
Template:Featured article/October	/opt/emberwold/content/templates/Template_Featured_article_October.wiki
Template:Featured article/September	/opt/emberwold/content/templates/Template_Featured_article_September.wiki
Template:Gate	/opt/emberwold/content/templates/Template_Gate.wiki
Template:Great Houses	/opt/emberwold/content/templates/Template_Great_Houses.wiki
Template:House Ashbourne	/opt/emberwold/content/templates/Template_House_Ashbourne.wiki
Template:House Blackcrest	/opt/emberwold/content/templates/Template_House_Blackcrest.wiki
Template:House Blackthorn	/opt/emberwold/content/templates/Template_House_Blackthorn.wiki
Template:House Ironvale	/opt/emberwold/content/templates/Template_House_Ironvale.wiki
Template:House Phoenix	/opt/emberwold/content/templates/Template_House_Phoenix.wiki
Template:House Ravenshade	/opt/emberwold/content/templates/Template_House_Ravenshade.wiki
Template:House Stonebear	/opt/emberwold/content/templates/Template_House_Stonebear.wiki
Template:House Stormrider	/opt/emberwold/content/templates/Template_House_Stormrider.wiki
Template:House Tidebreaker	/opt/emberwold/content/templates/Template_House_Tidebreaker.wiki
Template:House Whitehart	/opt/emberwold/content/templates/Template_House_Whitehart.wiki
Template:Infobox artifact	/opt/emberwold/content/templates/Template_Infobox_artifact.wiki
Template:Infobox character	/opt/emberwold/content/templates/Template_Infobox_character.wiki
Template:Infobox creature	/opt/emberwold/content/templates/Template_Infobox_creature.wiki
Template:Infobox faction	/opt/emberwold/content/templates/Template_Infobox_faction.wiki
Template:Infobox place	/opt/emberwold/content/templates/Template_Infobox_place.wiki
Template:Infobox/styles.css	/opt/emberwold/content/templates/Template_Infobox_styles.css
Template:Main Page/styles.css	/opt/emberwold/content/templates/Template_Main_Page_styles.css
Template:Navbox	/opt/emberwold/content/templates/Template_Navbox.wiki
Template:Navbox/styles.css	/opt/emberwold/content/templates/Template_Navbox_styles.css
Template:Placeholder	/opt/emberwold/content/templates/Template_Placeholder.wiki
Template:Placeholder/styles.css	/opt/emberwold/content/templates/Template_Placeholder_styles.css
Template:Quote	/opt/emberwold/content/templates/Template_Quote.wiki
Template:Quote/styles.css	/opt/emberwold/content/templates/Template_Quote_styles.css
Template:Tl	/opt/emberwold/content/templates/Template_Tl.wiki
Template:·	/opt/emberwold/content/templates/Template_·.wiki
Main Page	/opt/emberwold/content/pages/Main_Page.wiki
MediaWiki:Common.css	/opt/emberwold/content/pages/MediaWiki_Common.css
MediaWiki:Sidebar	/opt/emberwold/content/pages/MediaWiki_Sidebar.wiki
Category:Books	/opt/emberwold/content/categories/Category_Books.wiki
Category:Characters	/opt/emberwold/content/categories/Category_Characters.wiki
Category:Culture and customs	/opt/emberwold/content/categories/Category_Culture_and_customs.wiki
Category:Development	/opt/emberwold/content/categories/Category_Development.wiki
Category:Emberwold	/opt/emberwold/content/categories/Category_Emberwold.wiki
Category:Events	/opt/emberwold/content/categories/Category_Events.wiki
Category:Great Houses	/opt/emberwold/content/categories/Category_Great_Houses.wiki
Category:History	/opt/emberwold/content/categories/Category_History.wiki
Category:House Ashbourne	/opt/emberwold/content/categories/Category_House_Ashbourne.wiki
Category:House Blackcrest	/opt/emberwold/content/categories/Category_House_Blackcrest.wiki
Category:House Blackthorn	/opt/emberwold/content/categories/Category_House_Blackthorn.wiki
Category:House Ironvale	/opt/emberwold/content/categories/Category_House_Ironvale.wiki
Category:House Phoenix	/opt/emberwold/content/categories/Category_House_Phoenix.wiki
Category:House Ravenshade	/opt/emberwold/content/categories/Category_House_Ravenshade.wiki
Category:House Stonebear	/opt/emberwold/content/categories/Category_House_Stonebear.wiki
Category:House Stormrider	/opt/emberwold/content/categories/Category_House_Stormrider.wiki
Category:House Tidebreaker	/opt/emberwold/content/categories/Category_House_Tidebreaker.wiki
Category:House Whitehart	/opt/emberwold/content/categories/Category_House_Whitehart.wiki
Category:Infobox templates	/opt/emberwold/content/categories/Category_Infobox_templates.wiki
Category:Layout templates	/opt/emberwold/content/categories/Category_Layout_templates.wiki
Category:Notice templates	/opt/emberwold/content/categories/Category_Notice_templates.wiki
Category:Places	/opt/emberwold/content/categories/Category_Places.wiki
Category:Portals	/opt/emberwold/content/categories/Category_Portals.wiki
Category:Regions	/opt/emberwold/content/categories/Category_Regions.wiki
Category:Sources and texts	/opt/emberwold/content/categories/Category_Sources_and_texts.wiki
Category:The unseen	/opt/emberwold/content/categories/Category_The_unseen.wiki
Portal:Characters	/opt/emberwold/content/portals/Portal_Characters.wiki
Portal:Culture	/opt/emberwold/content/portals/Portal_Culture.wiki
Portal:History	/opt/emberwold/content/portals/Portal_History.wiki
Portal:Houses	/opt/emberwold/content/portals/Portal_Houses.wiki
Portal:Mystery	/opt/emberwold/content/portals/Portal_Mystery.wiki
Portal:Places	/opt/emberwold/content/portals/Portal_Places.wiki
Alder Blackthorn	/opt/emberwold/content/articles/Alder_Blackthorn.wiki
Aldous Blackcrest	/opt/emberwold/content/articles/Aldous_Blackcrest.wiki
Ash Fragments	/opt/emberwold/content/articles/Ash_Fragments.wiki
Ash Oath	/opt/emberwold/content/articles/Ash_Oath.wiki
Aunt Merida	/opt/emberwold/content/articles/Aunt_Merida.wiki
Bran the Unfallen	/opt/emberwold/content/articles/Bran_the_Unfallen.wiki
Brother Tomas	/opt/emberwold/content/articles/Brother_Tomas.wiki
Chronicle of Victory	/opt/emberwold/content/articles/Chronicle_of_Victory.wiki
Corin Blackthorn	/opt/emberwold/content/articles/Corin_Blackthorn.wiki
Crown-watch	/opt/emberwold/content/articles/Crown-watch.wiki
Dawnwatch	/opt/emberwold/content/articles/Dawnwatch.wiki
Development:Rawness and Mortality	/opt/emberwold/content/articles/Development_Rawness_and_Mortality.wiki
Doran	/opt/emberwold/content/articles/Doran.wiki
Duskport	/opt/emberwold/content/articles/Duskport.wiki
Emberwold (series)	/opt/emberwold/content/articles/Emberwold_series.wiki
Emeric Ravenshade	/opt/emberwold/content/articles/Emeric_Ravenshade.wiki
Espen Tidebreaker	/opt/emberwold/content/articles/Espen_Tidebreaker.wiki
Forge Gap	/opt/emberwold/content/articles/Forge_Gap.wiki
Garron, the Binder	/opt/emberwold/content/articles/Garron_the_Binder.wiki
Guest-right	/opt/emberwold/content/articles/Guest-right.wiki
Halden	/opt/emberwold/content/articles/Halden.wiki
Help:Style guide	/opt/emberwold/content/articles/Help_Style_guide.wiki
Herald Perrin	/opt/emberwold/content/articles/Herald_Perrin.wiki
House Ashbourne	/opt/emberwold/content/articles/House_Ashbourne.wiki
House Blackcrest	/opt/emberwold/content/articles/House_Blackcrest.wiki
House Blackthorn	/opt/emberwold/content/articles/House_Blackthorn.wiki
House Ironvale	/opt/emberwold/content/articles/House_Ironvale.wiki
House Phoenix	/opt/emberwold/content/articles/House_Phoenix.wiki
House Ravenshade	/opt/emberwold/content/articles/House_Ravenshade.wiki
House Stonebear	/opt/emberwold/content/articles/House_Stonebear.wiki
House Stormrider	/opt/emberwold/content/articles/House_Stormrider.wiki
House Tidebreaker	/opt/emberwold/content/articles/House_Tidebreaker.wiki
House Whitehart	/opt/emberwold/content/articles/House_Whitehart.wiki
Idun Phoenix	/opt/emberwold/content/articles/Idun_Phoenix.wiki
Isolde Ashbourne	/opt/emberwold/content/articles/Isolde_Ashbourne.wiki
Jorem Blackthorn	/opt/emberwold/content/articles/Jorem_Blackthorn.wiki
Kael Ashbourne	/opt/emberwold/content/articles/Kael_Ashbourne.wiki
Katla	/opt/emberwold/content/articles/Katla.wiki
Lyra Ravenshade	/opt/emberwold/content/articles/Lyra_Ravenshade.wiki
Maeve Torn	/opt/emberwold/content/articles/Maeve_Torn.wiki
Maren Tidebreaker	/opt/emberwold/content/articles/Maren_Tidebreaker.wiki
Master Builder Roar	/opt/emberwold/content/articles/Master_Builder_Roar.wiki
Master Halvard	/opt/emberwold/content/articles/Master_Halvard.wiki
Mother Alaine	/opt/emberwold/content/articles/Mother_Alaine.wiki
New-Ash	/opt/emberwold/content/articles/New-Ash.wiki
Oath-hold	/opt/emberwold/content/articles/Oath-hold.wiki
Oathmother Hild	/opt/emberwold/content/articles/Oathmother_Hild.wiki
Old Corvin	/opt/emberwold/content/articles/Old_Corvin.wiki
Old Ferrin	/opt/emberwold/content/articles/Old_Ferrin.wiki
Orrin	/opt/emberwold/content/articles/Orrin.wiki
Plate I	/opt/emberwold/content/articles/Plate_I.wiki
Quartermaster Sunniva	/opt/emberwold/content/articles/Quartermaster_Sunniva.wiki
Reverend Torvald	/opt/emberwold/content/articles/Reverend_Torvald.wiki
Roderick Ashbourne	/opt/emberwold/content/articles/Roderick_Ashbourne.wiki
Rurik Stonebear	/opt/emberwold/content/articles/Rurik_Stonebear.wiki
Sabra Ravenshade	/opt/emberwold/content/articles/Sabra_Ravenshade.wiki
Scribe Alf	/opt/emberwold/content/articles/Scribe_Alf.wiki
Sela	/opt/emberwold/content/articles/Sela.wiki
Senna Ironvale	/opt/emberwold/content/articles/Senna_Ironvale.wiki
Ser Alba	/opt/emberwold/content/articles/Ser_Alba.wiki
Signe Phoenix	/opt/emberwold/content/articles/Signe_Phoenix.wiki
The 400-year jubilee	/opt/emberwold/content/articles/The_400-year_jubilee.wiki
The Ash Fields	/opt/emberwold/content/articles/The_Ash_Fields.wiki
The Banner-lands	/opt/emberwold/content/articles/The_Banner-lands.wiki
The Bell of Silence	/opt/emberwold/content/articles/The_Bell_of_Silence.wiki
The Bell of Silence (seat)	/opt/emberwold/content/articles/The_Bell_of_Silence_seat.wiki
The Burnt Road	/opt/emberwold/content/articles/The_Burnt_Road.wiki
The Called	/opt/emberwold/content/articles/The_Called.wiki
The Clean Page	/opt/emberwold/content/articles/The_Clean_Page.wiki
The Edgelands	/opt/emberwold/content/articles/The_Edgelands.wiki
The Expanses	/opt/emberwold/content/articles/The_Expanses.wiki
The Hub	/opt/emberwold/content/articles/The_Hub.wiki
The Leap	/opt/emberwold/content/articles/The_Leap.wiki
The Light Heights	/opt/emberwold/content/articles/The_Light_Heights.wiki
The Marginal Notes	/opt/emberwold/content/articles/The_Marginal_Notes.wiki
The Ore Valleys	/opt/emberwold/content/articles/The_Ore_Valleys.wiki
The Shards	/opt/emberwold/content/articles/The_Shards.wiki
The Silent Mountains	/opt/emberwold/content/articles/The_Silent_Mountains.wiki
The Silent Year	/opt/emberwold/content/articles/The_Silent_Year.wiki
The Sleep Coast	/opt/emberwold/content/articles/The_Sleep_Coast.wiki
The Sleeping Sea	/opt/emberwold/content/articles/The_Sleeping_Sea.wiki
The Songs	/opt/emberwold/content/articles/The_Songs.wiki
The Thornland	/opt/emberwold/content/articles/The_Thornland.wiki
The Wave-Reader	/opt/emberwold/content/articles/The_Wave-Reader.wiki
The Weaving	/opt/emberwold/content/articles/The_Weaving.wiki
The eleventh house	/opt/emberwold/content/articles/The_eleventh_house.wiki
The seat of power	/opt/emberwold/content/articles/The_seat_of_power.wiki
The unseen	/opt/emberwold/content/articles/The_unseen.wiki
Thorn Hall	/opt/emberwold/content/articles/Thorn_Hall.wiki
Timeline of the Banner-lands	/opt/emberwold/content/articles/Timeline_of_the_Banner-lands.wiki
Una	/opt/emberwold/content/articles/Una.wiki
Vaela Blackcrest	/opt/emberwold/content/articles/Vaela_Blackcrest.wiki
War of the Unification	/opt/emberwold/content/articles/War_of_the_Unification.wiki
Wren Blackthorn	/opt/emberwold/content/articles/Wren_Blackthorn.wiki
A.U.	/opt/emberwold/content/redirects/A.U..wiki
Alaine	/opt/emberwold/content/redirects/Alaine.wiki
Alba	/opt/emberwold/content/redirects/Alba.wiki
Aldous	/opt/emberwold/content/redirects/Aldous.wiki
Ashbourne	/opt/emberwold/content/redirects/Ashbourne.wiki
Blackcrest	/opt/emberwold/content/redirects/Blackcrest.wiki
Blackthorn	/opt/emberwold/content/redirects/Blackthorn.wiki
Ederhamn	/opt/emberwold/content/redirects/Ederhamn.wiki
Ederstad	/opt/emberwold/content/redirects/Ederstad.wiki
Elvestad	/opt/emberwold/content/redirects/Elvestad.wiki
Emberwold	/opt/emberwold/content/redirects/Emberwold.wiki
Garron	/opt/emberwold/content/redirects/Garron.wiki
Halvard	/opt/emberwold/content/redirects/Halvard.wiki
Icke jag	/opt/emberwold/content/redirects/Icke_jag.wiki
Ironvale	/opt/emberwold/content/redirects/Ironvale.wiki
Kael	/opt/emberwold/content/redirects/Kael.wiki
Maren	/opt/emberwold/content/redirects/Maren.wiki
Phoenix	/opt/emberwold/content/redirects/Phoenix.wiki
Ravenshade	/opt/emberwold/content/redirects/Ravenshade.wiki
Rurik	/opt/emberwold/content/redirects/Rurik.wiki
Sabra	/opt/emberwold/content/redirects/Sabra.wiki
Sela the Called	/opt/emberwold/content/redirects/Sela_the_Called.wiki
Signe	/opt/emberwold/content/redirects/Signe.wiki
Stonebear	/opt/emberwold/content/redirects/Stonebear.wiki
Stormrider	/opt/emberwold/content/redirects/Stormrider.wiki
The Ash Urns	/opt/emberwold/content/redirects/The_Ash_Urns.wiki
The Bell of Silence (book)	/opt/emberwold/content/redirects/The_Bell_of_Silence_(book).wiki
The Binder	/opt/emberwold/content/redirects/The_Binder.wiki
The Called one	/opt/emberwold/content/redirects/The_Called_one.wiki
The Chronicle	/opt/emberwold/content/redirects/The_Chronicle.wiki
The Deep Archive	/opt/emberwold/content/redirects/The_Deep_Archive.wiki
The Divided Fire	/opt/emberwold/content/redirects/The_Divided_Fire.wiki
The Eternal Forge	/opt/emberwold/content/redirects/The_Eternal_Forge.wiki
The Great Unification	/opt/emberwold/content/redirects/The_Great_Unification.wiki
The Oath-Stone	/opt/emberwold/content/redirects/The_Oath-Stone.wiki
The Pass Compact	/opt/emberwold/content/redirects/The_Pass_Compact.wiki
The Permanent Book	/opt/emberwold/content/redirects/The_Permanent_Book.wiki
The Silent Mountains bend	/opt/emberwold/content/redirects/The_Silent_Mountains_bend.wiki
The Tester	/opt/emberwold/content/redirects/The_Tester.wiki
The Wall of Names	/opt/emberwold/content/redirects/The_Wall_of_Names.wiki
The Wall of Shame	/opt/emberwold/content/redirects/The_Wall_of_Shame.wiki
The eleventh Shard	/opt/emberwold/content/redirects/The_eleventh_Shard.wiki
The houseless	/opt/emberwold/content/redirects/The_houseless.wiki
Tidebreaker	/opt/emberwold/content/redirects/Tidebreaker.wiki
Tomas	/opt/emberwold/content/redirects/Tomas.wiki
Torvald	/opt/emberwold/content/redirects/Torvald.wiki
Vaela	/opt/emberwold/content/redirects/Vaela.wiki
War of the Eleven Banners	/opt/emberwold/content/redirects/War_of_the_Eleven_Banners.wiki
Whitehart	/opt/emberwold/content/redirects/Whitehart.wiki
Wren	/opt/emberwold/content/redirects/Wren.wiki
